timestamp,src_ip,dst_ip,bytes,packets,duration
2025-01-01 12:00,10.0.0.8,10.0.0.20,1971,17,4.958091699788071
2025-01-01 12:00,10.0.0.2,10.0.0.17,1083,10,3.2129834316704997
2025-01-01 12:00,10.0.0.9,10.0.0.16,2854,23,3.7200997297131826
2025-01-01 12:00,10.0.0.2,10.0.0.14,805,18,4.252143155018536
2025-01-01 12:00,10.0.0.3,10.0.0.20,1936,8,1.9494885935329918
2025-01-01 12:00,10.0.0.2,10.0.0.11,1770,23,1.0229351330780152
2025-01-01 12:00,10.0.0.2,10.0.0.11,1077,20,4.711624475861774
2025-01-01 12:00,10.0.0.5,10.0.0.20,2651,21,1.2834521922103779
2025-01-01 12:00,10.0.0.4,10.0.0.18,2933,4,4.409021908447892
2025-01-01 12:00,10.0.0.9,10.0.0.13,1117,4,1.4952724755534592
2025-01-01 12:00,10.0.0.4,10.0.0.19,2577,15,4.433328905695645
2025-01-01 12:00,10.0.0.3,10.0.0.18,752,20,3.0824837390353697
2025-01-01 12:00,10.0.0.1,10.0.0.15,2948,17,4.342214413975379
2025-01-01 12:00,10.0.0.1,10.0.0.20,1305,11,1.1683249319074198
2025-01-01 12:00,10.0.0.7,10.0.0.16,689,19,1.2749759152438687
2025-01-01 12:00,10.0.0.6,10.0.0.11,2250,9,1.528806224901582
2025-01-01 12:00,10.0.0.4,10.0.0.16,485,2,4.35310074686771
2025-01-01 12:00,10.0.0.8,10.0.0.13,1572,21,2.393639700969562
2025-01-01 12:00,10.0.0.10,10.0.0.14,341,7,2.817804048248861
2025-01-01 12:00,10.0.0.8,10.0.0.13,1690,6,3.7549236554803764
2025-01-01 12:00,10.0.0.3,10.0.0.14,1368,4,1.917040457307991
2025-01-01 12:00,10.0.0.9,10.0.0.16,402,15,1.7512227386688528
2025-01-01 12:00,10.0.0.2,10.0.0.15,384,23,4.234280738821921
2025-01-01 12:00,10.0.0.2,10.0.0.13,1246,14,1.233182023366399
2025-01-01 12:00,10.0.0.2,10.0.0.20,2751,10,4.904604036675028
2025-01-01 12:00,10.0.0.10,10.0.0.20,499,23,1.0470029328627999
2025-01-01 12:00,10.0.0.2,10.0.0.12,510,3,2.669574747903935
2025-01-01 12:00,10.0.0.8,10.0.0.19,1873,2,2.564835810849327
2025-01-01 12:00,10.0.0.5,10.0.0.14,1897,8,4.217765135644655
2025-01-01 12:00,10.0.0.6,10.0.0.13,623,19,0.6503667644058209
2025-01-01 12:00,10.0.0.7,10.0.0.13,604,14,3.826141135743338
2025-01-01 12:00,10.0.0.3,10.0.0.19,2645,22,2.103230628741736
2025-01-01 12:00,10.0.0.10,10.0.0.14,1262,25,3.740390862311584
2025-01-01 12:00,10.0.0.8,10.0.0.14,1465,3,2.8050409988501075
2025-01-01 12:00,10.0.0.7,10.0.0.18,881,4,2.5004882498466343
2025-01-01 12:00,10.0.0.1,10.0.0.14,1817,9,1.371972709404694
2025-01-01 12:00,10.0.0.2,10.0.0.18,2240,18,0.8408899103596323
2025-01-01 12:00,10.0.0.6,10.0.0.12,738,23,1.8358110300328203
2025-01-01 12:00,10.0.0.2,10.0.0.18,957,18,3.324254857994972
2025-01-01 12:00,10.0.0.9,10.0.0.16,2096,9,1.4373984869614975
2025-01-01 12:00,10.0.0.4,10.0.0.12,869,25,4.465432945608405
2025-01-01 12:00,10.0.0.3,10.0.0.14,1902,10,2.090005806502983
2025-01-01 12:00,10.0.0.9,10.0.0.13,660,19,1.7194202422260842
2025-01-01 12:00,10.0.0.4,10.0.0.19,1737,7,0.55718506255887
2025-01-01 12:00,10.0.0.4,10.0.0.13,536,24,1.0641160576910258
2025-01-01 12:00,10.0.0.3,10.0.0.17,2504,25,0.7151582262739982
2025-01-01 12:00,10.0.0.4,10.0.0.16,1729,1,4.0805605874377315
2025-01-01 12:00,10.0.0.6,10.0.0.15,2757,9,3.8243121902232216
2025-01-01 12:00,10.0.0.6,10.0.0.19,1153,8,4.22296846354276
2025-01-01 12:00,10.0.0.6,10.0.0.15,756,4,1.0005628765782755
2025-01-01 12:00,10.0.0.4,10.0.0.20,1147,12,4.98144344153574
2025-01-01 12:00,10.0.0.2,10.0.0.16,2391,6,2.4022903073303388
2025-01-01 12:00,10.0.0.3,10.0.0.13,1977,15,1.240603312498109
2025-01-01 12:00,10.0.0.6,10.0.0.18,1662,16,4.813459908953555
2025-01-01 12:00,10.0.0.5,10.0.0.12,1760,20,2.598582178285656
2025-01-01 12:00,10.0.0.3,10.0.0.14,902,19,3.574476039797683
2025-01-01 12:00,10.0.0.9,10.0.0.12,1239,21,2.509486123351057
2025-01-01 12:00,10.0.0.9,10.0.0.17,1805,14,3.918261635922114
2025-01-01 12:00,10.0.0.8,10.0.0.11,496,1,4.915512261890698
2025-01-01 12:00,10.0.0.2,10.0.0.20,1183,14,2.1748620798514993
2025-01-01 12:00,10.0.0.8,10.0.0.12,1345,24,3.9190013684707132
2025-01-01 12:00,10.0.0.10,10.0.0.13,1641,7,4.40576504324335
2025-01-01 12:00,10.0.0.3,10.0.0.17,639,22,3.7217107667168183
2025-01-01 12:00,10.0.0.9,10.0.0.17,1013,8,1.0716655167415712
2025-01-01 12:00,10.0.0.9,10.0.0.18,597,6,1.5180453382933965
2025-01-01 12:00,10.0.0.6,10.0.0.11,2022,15,1.8857423694236304
2025-01-01 12:00,10.0.0.10,10.0.0.13,1753,25,1.7013200256300849
2025-01-01 12:00,10.0.0.6,10.0.0.19,1524,12,2.1072702549176263
2025-01-01 12:00,10.0.0.3,10.0.0.16,1351,16,2.9017214843505617
2025-01-01 12:00,10.0.0.5,10.0.0.13,2711,11,3.8166583181471845
2025-01-01 12:00,10.0.0.6,10.0.0.12,773,19,3.0225129984200496
2025-01-01 12:00,10.0.0.3,10.0.0.11,443,21,0.9380368166696971
2025-01-01 12:00,10.0.0.10,10.0.0.16,1433,19,1.3129848244331468
2025-01-01 12:00,10.0.0.2,10.0.0.11,1571,1,2.9290473302442566
2025-01-01 12:00,10.0.0.10,10.0.0.18,982,13,2.289611489524704
2025-01-01 12:00,10.0.0.2,10.0.0.19,827,15,4.648013012092134
2025-01-01 12:00,10.0.0.5,10.0.0.19,1298,24,1.042089585047324
2025-01-01 12:00,10.0.0.9,10.0.0.16,1469,6,4.064219840281201
2025-01-01 12:00,10.0.0.3,10.0.0.20,454,23,3.010657022460599
2025-01-01 12:00,10.0.0.9,10.0.0.17,751,11,1.407974226458172
2025-01-01 12:00,10.0.0.6,10.0.0.17,2508,12,1.0868218078612601
2025-01-01 12:00,10.0.0.3,10.0.0.16,1754,24,1.3572350411600833
2025-01-01 12:00,10.0.0.8,10.0.0.12,1020,8,2.0669374153962297
2025-01-01 12:00,10.0.0.6,10.0.0.20,2113,10,4.729916926175068
2025-01-01 12:00,10.0.0.10,10.0.0.19,1648,14,4.542282838358337
2025-01-01 12:00,10.0.0.8,10.0.0.17,1763,12,1.4803406545395006
2025-01-01 12:00,10.0.0.1,10.0.0.13,1492,25,2.8616419976063883
2025-01-01 12:00,10.0.0.8,10.0.0.19,1920,10,2.2364296798405054
2025-01-01 12:00,10.0.0.1,10.0.0.13,905,9,1.2183949474877471
2025-01-01 12:00,10.0.0.10,10.0.0.13,1483,25,3.4043362106657193
2025-01-01 12:00,10.0.0.1,10.0.0.17,1747,1,4.355658652214004
2025-01-01 12:00,10.0.0.8,10.0.0.17,1065,18,1.6109443022447123
2025-01-01 12:00,10.0.0.6,10.0.0.12,1868,25,1.1164471780588485
2025-01-01 12:00,10.0.0.5,10.0.0.17,2299,10,2.5073069351075854
2025-01-01 12:00,10.0.0.8,10.0.0.12,1419,8,1.549854546694585
2025-01-01 12:00,10.0.0.10,10.0.0.19,1471,17,2.3738048395240927
2025-01-01 12:00,10.0.0.8,10.0.0.17,551,16,4.00695731123987
2025-01-01 12:00,10.0.0.3,10.0.0.11,2474,19,1.3336379687444904
2025-01-01 12:00,10.0.0.8,10.0.0.14,1294,7,2.245119799450591
2025-01-01 12:00,10.0.0.7,10.0.0.12,1604,7,2.6490738481221676
2025-01-01 12:00,10.0.0.7,10.0.0.17,2769,10,3.7991373123281997
2025-01-01 12:00,10.0.0.3,10.0.0.20,1874,5,2.480218620512768
2025-01-01 12:00,10.0.0.10,10.0.0.16,1652,2,1.8324782935546609
2025-01-01 12:00,10.0.0.1,10.0.0.16,1264,2,3.677165914181684
2025-01-01 12:00,10.0.0.6,10.0.0.19,2866,6,1.1378110240343995
2025-01-01 12:00,10.0.0.7,10.0.0.20,2640,7,3.2607390038135677
2025-01-01 12:00,10.0.0.5,10.0.0.12,2833,16,3.554188387294264
2025-01-01 12:00,10.0.0.2,10.0.0.20,769,18,3.0909730568852334
2025-01-01 12:00,10.0.0.3,10.0.0.15,1384,11,1.1821555085472408
2025-01-01 12:00,10.0.0.5,10.0.0.15,2855,2,3.3965318735182746
2025-01-01 12:00,10.0.0.9,10.0.0.16,2431,9,2.164195996682039
2025-01-01 12:00,10.0.0.2,10.0.0.16,1507,11,4.489275429966259
2025-01-01 12:00,10.0.0.1,10.0.0.13,1039,1,1.1373447116347766
2025-01-01 12:00,10.0.0.10,10.0.0.14,786,24,1.7747815606624477
2025-01-01 12:00,10.0.0.1,10.0.0.15,2408,11,0.5094859414332411
2025-01-01 12:00,10.0.0.9,10.0.0.20,1528,24,4.489231157811739
2025-01-01 12:00,10.0.0.8,10.0.0.13,1446,7,3.283736258271233
2025-01-01 12:00,10.0.0.1,10.0.0.17,1805,21,2.451342480833893
2025-01-01 12:00,10.0.0.3,10.0.0.12,2115,21,4.395417798943948
2025-01-01 12:00,10.0.0.3,10.0.0.19,2858,11,1.8038278256473765
2025-01-01 12:00,10.0.0.3,10.0.0.17,1945,14,3.20848764772946
2025-01-01 12:00,10.0.0.10,10.0.0.17,1269,8,2.9042281324216885
2025-01-01 12:00,10.0.0.7,10.0.0.20,2754,11,1.6151461952462323
2025-01-01 12:00,10.0.0.5,10.0.0.19,529,18,1.537099274690869
2025-01-01 12:00,10.0.0.5,10.0.0.17,2226,24,4.2145716023663935
2025-01-01 12:00,10.0.0.7,10.0.0.18,1905,6,4.86085036923947
2025-01-01 12:00,10.0.0.3,10.0.0.14,788,12,4.199996217311612
2025-01-01 12:00,10.0.0.6,10.0.0.11,582,25,4.935259309905197
2025-01-01 12:00,10.0.0.4,10.0.0.11,356,23,4.230252274341243
2025-01-01 12:00,10.0.0.4,10.0.0.20,1527,5,2.9701389493255026
2025-01-01 12:00,10.0.0.3,10.0.0.11,944,19,3.9583067299625796
2025-01-01 12:00,10.0.0.9,10.0.0.20,1356,8,0.7746179448701558
2025-01-01 12:00,10.0.0.1,10.0.0.18,1636,11,4.798349407090627
2025-01-01 12:00,10.0.0.9,10.0.0.11,2507,24,1.701552309887898
2025-01-01 12:00,10.0.0.2,10.0.0.15,723,18,1.4023140594720684
2025-01-01 12:00,10.0.0.5,10.0.0.18,2288,23,2.7548518473402144
2025-01-01 12:00,10.0.0.8,10.0.0.12,2780,16,0.7786852371732798
2025-01-01 12:00,10.0.0.3,10.0.0.12,1144,16,3.843650748295944
2025-01-01 12:00,10.0.0.7,10.0.0.18,2631,3,3.621566152964984
2025-01-01 12:00,10.0.0.9,10.0.0.14,764,22,4.501746175755636
2025-01-01 12:00,10.0.0.5,10.0.0.17,436,3,1.2034743480674204
2025-01-01 12:00,10.0.0.5,10.0.0.12,714,19,1.550155830392686
2025-01-01 12:00,10.0.0.10,10.0.0.17,908,17,2.9793556274018713
2025-01-01 12:00,10.0.0.7,10.0.0.12,1395,12,1.4034248592002578
2025-01-01 12:00,10.0.0.3,10.0.0.20,830,15,4.401735249430598
2025-01-01 12:00,10.0.0.9,10.0.0.15,483,14,1.491374722449736
2025-01-01 12:00,10.0.0.9,10.0.0.12,1636,2,1.9231143585852932
2025-01-01 12:00,10.0.0.1,10.0.0.18,2516,23,1.736092712921819
2025-01-01 12:00,10.0.0.7,10.0.0.11,2252,12,1.5587780961450797
2025-01-01 12:00,10.0.0.2,10.0.0.14,2016,23,3.096919830019096
2025-01-01 12:00,10.0.0.7,10.0.0.11,881,19,3.425159036149842
2025-01-01 12:00,10.0.0.5,10.0.0.20,447,17,2.645310339092301
2025-01-01 12:00,10.0.0.9,10.0.0.16,1521,16,0.9295318144026299
2025-01-01 12:00,10.0.0.4,10.0.0.15,1795,9,1.8559971473827956
2025-01-01 12:00,10.0.0.7,10.0.0.13,1034,16,2.1960578666564023
2025-01-01 12:00,10.0.0.8,10.0.0.12,2404,2,0.7731388407574269
2025-01-01 12:00,10.0.0.5,10.0.0.13,2537,4,0.9158425322918091
2025-01-01 12:00,10.0.0.10,10.0.0.19,581,2,1.3961180818855186
2025-01-01 12:00,10.0.0.4,10.0.0.16,2864,7,1.8166447548766944
2025-01-01 12:00,10.0.0.9,10.0.0.17,1305,17,3.347633897516605
2025-01-01 12:00,10.0.0.8,10.0.0.16,2591,5,4.470514699262468
2025-01-01 12:00,10.0.0.6,10.0.0.19,571,20,4.0614610970057825
2025-01-01 12:00,10.0.0.9,10.0.0.12,1864,4,2.314395940947746
2025-01-01 12:00,10.0.0.3,10.0.0.20,1391,25,1.8235430247766828
2025-01-01 12:00,10.0.0.4,10.0.0.13,2963,13,3.2638243677628234
2025-01-01 12:00,10.0.0.6,10.0.0.16,1293,6,1.554155930562083
2025-01-01 12:00,10.0.0.2,10.0.0.15,625,19,0.6504200504354505
2025-01-01 12:00,10.0.0.9,10.0.0.19,1752,15,3.769368744644777
2025-01-01 12:00,10.0.0.5,10.0.0.13,1116,25,2.001045903626567
2025-01-01 12:00,10.0.0.4,10.0.0.13,1725,18,3.12357652963563
2025-01-01 12:00,10.0.0.1,10.0.0.20,1562,24,3.5403318916799775
2025-01-01 12:00,10.0.0.5,10.0.0.20,1856,17,1.795765036984007
2025-01-01 12:00,10.0.0.4,10.0.0.13,2462,20,4.372227808869727
2025-01-01 12:00,10.0.0.6,10.0.0.13,2380,12,0.9634160471293172
2025-01-01 12:00,10.0.0.5,10.0.0.15,347,2,1.4563201319152457
2025-01-01 12:00,10.0.0.6,10.0.0.16,337,12,1.555299048096328
2025-01-01 12:00,10.0.0.10,10.0.0.15,1836,18,3.743659098033193
2025-01-01 12:00,10.0.0.8,10.0.0.16,2130,21,2.1205097417269583
2025-01-01 12:00,10.0.0.6,10.0.0.19,1706,24,3.834715710348481
2025-01-01 12:00,10.0.0.6,10.0.0.20,1910,6,3.7927536627670504
2025-01-01 12:00,10.0.0.7,10.0.0.15,872,5,3.498384257740776
2025-01-01 12:00,10.0.0.5,10.0.0.20,317,18,1.7050337844123278
2025-01-01 12:00,10.0.0.6,10.0.0.16,2248,1,0.7306877039572856
2025-01-01 12:00,10.0.0.2,10.0.0.20,1919,2,4.421325924823618
2025-01-01 12:00,10.0.0.5,10.0.0.11,692,2,3.4614689493395563
2025-01-01 12:00,10.0.0.6,10.0.0.18,2571,9,2.638636835749903
2025-01-01 12:00,10.0.0.9,10.0.0.16,2654,25,4.963883560231956
2025-01-01 12:00,10.0.0.2,10.0.0.13,1533,25,4.598104531755982
2025-01-01 12:00,10.0.0.10,10.0.0.18,2994,16,0.7024731624348725
2025-01-01 12:00,10.0.0.2,10.0.0.19,1577,20,2.934230609801861
2025-01-01 12:00,10.0.0.7,10.0.0.16,626,21,3.359484927538854
2025-01-01 12:00,10.0.0.6,10.0.0.20,810,2,3.534701797479373
2025-01-01 12:00,10.0.0.6,10.0.0.16,2285,25,3.1602361003369137
2025-01-01 12:00,10.0.0.6,10.0.0.13,613,8,2.3629514571901113
2025-01-01 12:00,10.0.0.6,10.0.0.14,2264,13,2.8047650239529602
2025-01-01 12:00,10.0.0.6,10.0.0.20,1227,6,2.9062387106365106
2025-01-01 12:00,10.0.0.7,10.0.0.20,1165,12,1.7032858766311318
2025-01-01 12:00,10.0.0.8,10.0.0.17,2788,6,3.9986251532743005
2025-01-01 12:00,10.0.0.6,10.0.0.14,654,12,1.6807820872111847
2025-01-01 12:00,10.0.0.10,10.0.0.17,2004,10,2.531491021097318
2025-01-01 12:00,10.0.0.4,10.0.0.12,2988,12,3.3301209605026925
2025-01-01 12:00,10.0.0.4,10.0.0.11,998,23,4.878208732612425
2025-01-01 12:00,10.0.0.4,10.0.0.12,1180,2,1.0558019206131422
2025-01-01 12:00,10.0.0.7,10.0.0.15,413,21,4.4005599958373045
2025-01-01 12:00,10.0.0.2,10.0.0.20,1801,16,3.138693947420548
2025-01-01 12:00,10.0.0.2,10.0.0.11,2572,13,0.5649195678041036
2025-01-01 12:00,10.0.0.6,10.0.0.13,2711,23,3.634193726113599
2025-01-01 12:00,10.0.0.5,10.0.0.11,1023,6,4.716342134691845
2025-01-01 12:00,10.0.0.3,10.0.0.15,1628,22,4.344170647557014
2025-01-01 12:00,10.0.0.1,10.0.0.18,860,5,4.389782391830005
2025-01-01 12:00,10.0.0.5,10.0.0.11,1425,24,1.81420065612782
2025-01-01 12:00,10.0.0.9,10.0.0.13,2845,5,1.0118269028299878
2025-01-01 12:00,10.0.0.1,10.0.0.20,2338,8,1.037746380361195
2025-01-01 12:00,10.0.0.5,10.0.0.17,1939,20,1.5362683270140534
2025-01-01 12:00,10.0.0.7,10.0.0.20,2090,1,3.7594025973386023
2025-01-01 12:00,10.0.0.2,10.0.0.14,2518,15,1.4829119242258222
2025-01-01 12:00,10.0.0.5,10.0.0.15,655,9,0.5389031582768136
2025-01-01 12:00,10.0.0.3,10.0.0.18,1991,21,3.454720898585546
2025-01-01 12:00,10.0.0.1,10.0.0.18,2798,11,2.02601591681508
2025-01-01 12:00,10.0.0.4,10.0.0.17,302,12,2.8399243417467104
2025-01-01 12:00,10.0.0.5,10.0.0.20,1075,4,2.2887254341040384
2025-01-01 12:00,10.0.0.10,10.0.0.16,1830,17,1.6749674747748402
2025-01-01 12:00,10.0.0.2,10.0.0.13,927,2,2.0607845805370437
2025-01-01 12:00,10.0.0.7,10.0.0.19,1071,16,1.3124134663377003
2025-01-01 12:00,10.0.0.5,10.0.0.12,2612,1,0.6302155105545804
2025-01-01 12:00,10.0.0.8,10.0.0.12,437,3,0.5385124032709707
2025-01-01 12:00,10.0.0.6,10.0.0.15,320,14,2.3069543530611254
2025-01-01 12:00,10.0.0.4,10.0.0.14,1874,22,1.353445276612054
2025-01-01 12:00,10.0.0.4,10.0.0.16,1423,9,4.540656444231688
2025-01-01 12:00,10.0.0.6,10.0.0.19,1640,9,3.8462491779993
2025-01-01 12:00,10.0.0.3,10.0.0.13,1659,2,2.0318279340621803
2025-01-01 12:00,10.0.0.6,10.0.0.19,1220,18,2.453025214828553
2025-01-01 12:00,10.0.0.4,10.0.0.17,2092,8,4.888752160578294
2025-01-01 12:00,10.0.0.10,10.0.0.16,894,21,2.82249988161146
2025-01-01 12:00,10.0.0.8,10.0.0.17,2287,9,4.306472268635166
2025-01-01 12:00,10.0.0.10,10.0.0.17,2804,21,1.7104797215025629
2025-01-01 12:00,10.0.0.5,10.0.0.13,2256,7,0.9615343887410526
2025-01-01 12:00,10.0.0.10,10.0.0.12,2886,2,1.23957427625745
2025-01-01 12:00,10.0.0.2,10.0.0.15,2763,16,3.0322220684697516
2025-01-01 12:00,10.0.0.10,10.0.0.19,2679,2,2.700164421100247
2025-01-01 12:00,10.0.0.8,10.0.0.11,358,6,4.848451857027674
2025-01-01 12:00,10.0.0.1,10.0.0.20,699,11,1.1051590077867246
2025-01-01 12:00,10.0.0.2,10.0.0.12,1912,10,4.528375970848255
2025-01-01 12:00,10.0.0.3,10.0.0.14,1639,19,2.6244633768140355
2025-01-01 12:00,10.0.0.9,10.0.0.15,2999,17,3.829537295360294
2025-01-01 12:00,10.0.0.8,10.0.0.16,1912,24,3.151247505028711
2025-01-01 12:00,10.0.0.5,10.0.0.17,2295,11,3.9313363228379337
2025-01-01 12:00,10.0.0.10,10.0.0.18,412,4,4.111937833093884
2025-01-01 12:00,10.0.0.10,10.0.0.17,1449,6,3.4684004339988688
2025-01-01 12:00,10.0.0.5,10.0.0.14,2350,16,1.0521875360641266
2025-01-01 12:00,10.0.0.6,10.0.0.11,1431,14,4.05512254396726
2025-01-01 12:00,10.0.0.2,10.0.0.14,2951,4,4.574475731830954
2025-01-01 12:00,10.0.0.7,10.0.0.13,1961,2,0.9884741371682976
2025-01-01 12:00,10.0.0.1,10.0.0.17,1312,15,4.356601735339401
2025-01-01 12:00,10.0.0.9,10.0.0.13,1333,20,1.1987582899574654
2025-01-01 12:00,10.0.0.8,10.0.0.16,867,4,3.7940896134081936
2025-01-01 12:00,10.0.0.6,10.0.0.17,1149,23,3.1605566168756423
2025-01-01 12:00,10.0.0.5,10.0.0.20,486,9,2.8632610617563783
2025-01-01 12:00,10.0.0.7,10.0.0.19,965,3,4.880629553866596
2025-01-01 12:00,10.0.0.9,10.0.0.20,2539,13,1.7511258602444237
2025-01-01 12:00,10.0.0.8,10.0.0.14,2618,3,1.7082412969430298
2025-01-01 12:00,10.0.0.3,10.0.0.12,2992,6,3.8911758704096013
2025-01-01 12:00,10.0.0.6,10.0.0.18,506,7,2.5106063012169137
2025-01-01 12:00,10.0.0.3,10.0.0.16,1224,15,1.7018093533454601
2025-01-01 12:00,10.0.0.10,10.0.0.13,433,21,3.4243645120808917
2025-01-01 12:00,10.0.0.2,10.0.0.13,1898,18,3.924889868354835
2025-01-01 12:00,10.0.0.7,10.0.0.17,2375,20,0.6094241176989282
2025-01-01 12:00,10.0.0.5,10.0.0.14,1692,3,1.8596285787698024
2025-01-01 12:00,10.0.0.2,10.0.0.11,2511,24,3.5817289482803973
2025-01-01 12:00,10.0.0.10,10.0.0.11,654,25,1.992904546378766
2025-01-01 12:00,10.0.0.5,10.0.0.18,752,13,1.098381954417512
2025-01-01 12:00,10.0.0.7,10.0.0.11,1994,4,4.720608145621132
2025-01-01 12:00,10.0.0.9,10.0.0.13,643,6,2.0210236268862034
2025-01-01 12:00,10.0.0.3,10.0.0.16,1174,3,2.0214740778731555
2025-01-01 12:00,10.0.0.6,10.0.0.14,1667,21,2.5914158854789657
2025-01-01 12:00,10.0.0.5,10.0.0.14,728,5,3.9907442578752197
2025-01-01 12:00,10.0.0.5,10.0.0.12,2599,24,4.905297584304167
2025-01-01 12:00,10.0.0.2,10.0.0.12,883,9,2.92289454574268
2025-01-01 12:00,10.0.0.1,10.0.0.11,1631,25,2.2674731437211104
2025-01-01 12:00,10.0.0.6,10.0.0.18,2099,5,3.288757205557219
2025-01-01 12:00,10.0.0.6,10.0.0.15,1396,24,1.8224185606936578
2025-01-01 12:00,10.0.0.2,10.0.0.19,1147,23,1.9435431131941805
2025-01-01 12:00,10.0.0.8,10.0.0.17,480,25,4.665024140556016
2025-01-01 12:00,10.0.0.4,10.0.0.17,2345,22,3.463287132294062
2025-01-01 12:00,10.0.0.1,10.0.0.13,1901,4,4.128718827277508
2025-01-01 12:00,10.0.0.5,10.0.0.15,697,3,1.8551126433750271
2025-01-01 12:00,10.0.0.1,10.0.0.15,624,17,4.649260447630406
2025-01-01 12:00,10.0.0.10,10.0.0.15,2205,8,3.9062234346923543
2025-01-01 12:00,10.0.0.6,10.0.0.13,2420,2,0.5019576328055954
2025-01-01 12:00,10.0.0.9,10.0.0.18,1024,23,4.170107783847637
2025-01-01 12:00,10.0.0.9,10.0.0.12,2921,24,0.8700536817420175
2025-01-01 12:00,10.0.0.7,10.0.0.11,2585,10,4.977204178160991
2025-01-01 12:00,10.0.0.2,10.0.0.16,1250,1,2.319670016515281
2025-01-01 12:00,10.0.0.3,10.0.0.15,737,20,0.6427509445563311
2025-01-01 12:00,10.0.0.5,10.0.0.14,2950,15,4.48079830944577
2025-01-01 12:00,10.0.0.2,10.0.0.16,2561,2,3.7851243263927494
2025-01-01 12:00,10.0.0.8,10.0.0.20,781,12,1.82621847208465
2025-01-01 12:00,10.0.0.10,10.0.0.14,870,23,1.238709684205884
2025-01-01 12:00,10.0.0.9,10.0.0.16,1544,4,1.824591008598349
2025-01-01 12:00,10.0.0.10,10.0.0.12,2312,16,4.461357736892257
2025-01-01 12:00,10.0.0.5,10.0.0.11,2318,8,2.796397798133816
2025-01-01 12:00,10.0.0.3,10.0.0.12,2399,24,3.9704545464688086
2025-01-01 12:00,10.0.0.2,10.0.0.15,2478,1,3.502899928583577
2025-01-01 12:00,10.0.0.3,10.0.0.13,2212,15,0.9535744508827046
2025-01-01 12:00,10.0.0.3,10.0.0.12,655,22,3.0448646382662736
2025-01-01 12:00,10.0.0.4,10.0.0.17,2642,24,4.713765610051699
2025-01-01 12:00,10.0.0.7,10.0.0.12,1302,17,2.0928662172265673
2025-01-01 12:00,10.0.0.9,10.0.0.17,1673,20,4.320131604190371
2025-01-01 12:00,10.0.0.5,10.0.0.15,1900,11,2.420534031309801
2025-01-01 12:00,10.0.0.1,10.0.0.18,2729,11,1.4015281083589965
2025-01-01 12:00,10.0.0.2,10.0.0.18,1722,13,4.832241286071411
2025-01-01 12:00,10.0.0.8,10.0.0.11,1952,4,3.234637601305943
2025-01-01 12:00,10.0.0.2,10.0.0.11,2040,8,2.720426194357582
2025-01-01 12:00,10.0.0.3,10.0.0.11,2432,17,3.85605916233361
2025-01-01 12:00,10.0.0.7,10.0.0.13,1986,13,4.793023254473377
2025-01-01 12:00,10.0.0.2,10.0.0.12,2358,5,1.7724541673156762
2025-01-01 12:00,10.0.0.2,10.0.0.19,2799,17,4.386663679541206
2025-01-01 12:00,10.0.0.5,10.0.0.17,2083,16,2.052770739451807
2025-01-01 12:00,10.0.0.3,10.0.0.19,2386,15,4.711219661947179
2025-01-01 12:00,10.0.0.6,10.0.0.14,740,5,4.748094800480488
2025-01-01 12:00,10.0.0.4,10.0.0.17,1697,8,0.5470102245842099
2025-01-01 12:00,10.0.0.10,10.0.0.17,1949,7,3.915315313814082
2025-01-01 12:00,10.0.0.5,10.0.0.12,2238,1,4.432829774516775
2025-01-01 12:00,10.0.0.5,10.0.0.20,2982,1,4.759452333310304
2025-01-01 12:00,10.0.0.1,10.0.0.19,1643,6,2.9126775521231627
2025-01-01 12:00,10.0.0.3,10.0.0.15,916,8,2.4154471196389173
2025-01-01 12:00,10.0.0.3,10.0.0.11,311,9,1.7746947521578038
2025-01-01 12:00,10.0.0.8,10.0.0.15,377,25,3.0330227620656998
2025-01-01 12:00,10.0.0.3,10.0.0.12,1704,20,3.563248413494053
2025-01-01 12:00,10.0.0.6,10.0.0.17,1129,18,0.5955430241241031
2025-01-01 12:00,10.0.0.1,10.0.0.13,2420,19,3.8976256154924953
2025-01-01 12:00,10.0.0.2,10.0.0.12,2303,16,4.9152499662667966
2025-01-01 12:00,10.0.0.8,10.0.0.18,2694,15,3.669357082134517
2025-01-01 12:00,10.0.0.4,10.0.0.13,597,6,3.516612547531468
2025-01-01 12:00,10.0.0.7,10.0.0.17,1796,14,1.9501159274847715
2025-01-01 12:00,10.0.0.4,10.0.0.12,306,9,4.994508737696802
2025-01-01 12:00,10.0.0.3,10.0.0.18,805,21,1.0985678736229572
2025-01-01 12:00,10.0.0.4,10.0.0.18,443,10,1.049053280437037
2025-01-01 12:00,10.0.0.6,10.0.0.16,1029,5,4.698300537349469
2025-01-01 12:00,10.0.0.8,10.0.0.19,2475,1,0.8477991542842369
2025-01-01 12:00,10.0.0.2,10.0.0.16,2377,5,0.7235575128529664
2025-01-01 12:00,10.0.0.8,10.0.0.15,1279,3,3.3784593196998705
2025-01-01 12:00,10.0.0.1,10.0.0.15,307,23,0.8360481618802174
2025-01-01 12:00,10.0.0.7,10.0.0.19,938,6,2.9090484184399172
2025-01-01 12:00,10.0.0.9,10.0.0.20,1767,3,4.444785693904922
2025-01-01 12:00,10.0.0.6,10.0.0.11,2742,13,2.209268002947592
2025-01-01 12:00,10.0.0.3,10.0.0.20,612,11,4.630912166160463
2025-01-01 12:00,10.0.0.9,10.0.0.14,386,22,2.134915160707345
2025-01-01 12:00,10.0.0.4,10.0.0.16,1645,18,3.1098101513704774
2025-01-01 12:00,10.0.0.9,10.0.0.17,2337,12,1.7023675862237324
2025-01-01 12:00,10.0.0.2,10.0.0.16,961,3,1.5710985699530906
2025-01-01 12:00,10.0.0.7,10.0.0.20,877,25,4.772245546477863
2025-01-01 12:00,10.0.0.6,10.0.0.18,791,24,4.99030320371011
2025-01-01 12:00,10.0.0.5,10.0.0.19,1543,23,2.321221670121386
2025-01-01 12:00,10.0.0.6,10.0.0.19,2112,22,3.704644909447071
2025-01-01 12:00,10.0.0.4,10.0.0.18,1799,7,0.7616371102969781
2025-01-01 12:00,10.0.0.4,10.0.0.16,2729,2,2.0201542420382625
2025-01-01 12:00,10.0.0.5,10.0.0.20,742,21,4.514519960511455
2025-01-01 12:00,10.0.0.3,10.0.0.16,1875,13,1.4308968689985808
2025-01-01 12:00,10.0.0.1,10.0.0.14,924,14,1.8303177664773864
2025-01-01 12:00,10.0.0.8,10.0.0.17,2247,7,3.8825010489493126
2025-01-01 12:00,10.0.0.3,10.0.0.17,1779,6,2.9297106799679296
2025-01-01 12:00,10.0.0.1,10.0.0.16,1667,1,1.9372593082512146
2025-01-01 12:00,10.0.0.7,10.0.0.19,1438,2,2.9502662940346065
2025-01-01 12:00,10.0.0.8,10.0.0.13,758,2,1.4852409388394003
2025-01-01 12:00,10.0.0.5,10.0.0.12,2769,5,4.250098385716429
2025-01-01 12:00,10.0.0.1,10.0.0.18,1835,7,4.892137566949002
2025-01-01 12:00,10.0.0.7,10.0.0.18,591,11,2.0755491659584875
2025-01-01 12:00,10.0.0.9,10.0.0.16,2941,15,4.40498323170336
2025-01-01 12:00,10.0.0.1,10.0.0.15,2028,25,1.1179516224461201
2025-01-01 12:00,10.0.0.2,10.0.0.15,1619,15,3.0984022913657023
2025-01-01 12:00,10.0.0.3,10.0.0.14,770,20,2.5004060629114564
2025-01-01 12:00,10.0.0.8,10.0.0.15,749,6,3.7033306000251587
2025-01-01 12:00,10.0.0.8,10.0.0.16,1390,4,3.71222252572048
2025-01-01 12:00,10.0.0.10,10.0.0.14,1258,16,4.041733573557712
2025-01-01 12:00,10.0.0.3,10.0.0.11,2799,19,2.300174910005463
2025-01-01 12:00,10.0.0.6,10.0.0.15,1766,23,0.5345822566398841
2025-01-01 12:00,10.0.0.10,10.0.0.11,398,9,4.719722174733095
2025-01-01 12:00,10.0.0.6,10.0.0.11,2345,22,3.341056447992828
2025-01-01 12:00,10.0.0.4,10.0.0.20,432,22,0.814145046485602
2025-01-01 12:00,10.0.0.9,10.0.0.19,1325,2,1.5507076564056403
2025-01-01 12:00,10.0.0.2,10.0.0.11,1364,17,0.8856629714354832
2025-01-01 12:00,10.0.0.2,10.0.0.20,2951,7,2.2507506167471965
2025-01-01 12:00,10.0.0.4,10.0.0.19,1169,4,0.7043769766392838
2025-01-01 12:00,10.0.0.10,10.0.0.19,587,8,0.5518102049334404
2025-01-01 12:00,10.0.0.10,10.0.0.20,2695,17,4.332634455194256
2025-01-01 12:00,10.0.0.4,10.0.0.17,764,3,1.8005793290760492
2025-01-01 12:00,10.0.0.5,10.0.0.14,1260,19,4.4566819408262885
2025-01-01 12:00,10.0.0.1,10.0.0.14,1634,8,0.8431513241872961
2025-01-01 12:00,10.0.0.8,10.0.0.11,698,16,2.2136042275276715
2025-01-01 12:00,10.0.0.8,10.0.0.15,2329,21,4.498199531974139
2025-01-01 12:00,10.0.0.9,10.0.0.11,1115,16,2.7605257901271134
2025-01-01 12:00,10.0.0.4,10.0.0.17,555,2,3.145148364855735
2025-01-01 12:00,10.0.0.9,10.0.0.18,2687,16,2.526611975573994
2025-01-01 12:00,10.0.0.1,10.0.0.18,2744,14,2.4957911296782695
2025-01-01 12:00,10.0.0.3,10.0.0.19,1227,1,4.164903168970643
2025-01-01 12:00,10.0.0.4,10.0.0.20,1745,17,4.051624698852225
2025-01-01 12:00,10.0.0.4,10.0.0.15,383,8,4.729824554017287
2025-01-01 12:00,10.0.0.5,10.0.0.11,1963,3,2.8959668178966527
2025-01-01 12:00,10.0.0.10,10.0.0.16,2819,12,3.352807070744277
2025-01-01 12:00,10.0.0.1,10.0.0.11,1301,9,3.627816857079704
2025-01-01 12:00,10.0.0.1,10.0.0.16,1515,23,2.78384855774636
2025-01-01 12:00,10.0.0.7,10.0.0.17,684,13,0.7629587909126463
2025-01-01 12:00,10.0.0.5,10.0.0.19,2190,15,2.4264333853969076
2025-01-01 12:00,10.0.0.3,10.0.0.18,1286,9,2.611551313824161
2025-01-01 12:00,10.0.0.6,10.0.0.12,383,6,3.1064352062281184
2025-01-01 12:00,10.0.0.8,10.0.0.12,1299,25,3.58370597127669
2025-01-01 12:00,10.0.0.5,10.0.0.19,1594,9,1.6344771800580318
2025-01-01 12:00,10.0.0.3,10.0.0.14,1901,20,0.8276418538667103
2025-01-01 12:00,10.0.0.2,10.0.0.18,1017,20,4.6825930176298485
2025-01-01 12:00,10.0.0.5,10.0.0.14,1472,6,1.6677305266518803
2025-01-01 12:00,10.0.0.3,10.0.0.12,2809,6,4.59553573638303
2025-01-01 12:00,10.0.0.4,10.0.0.13,1684,24,4.029273592999747
2025-01-01 12:00,10.0.0.3,10.0.0.15,1752,4,3.5969939361781895
2025-01-01 12:00,10.0.0.2,10.0.0.19,1781,23,1.627461779548733
2025-01-01 12:00,10.0.0.10,10.0.0.13,479,12,4.8022165360225735
2025-01-01 12:00,10.0.0.1,10.0.0.18,1526,21,1.538198831643951
2025-01-01 12:00,10.0.0.4,10.0.0.20,2947,25,0.9850057220161912
2025-01-01 12:00,10.0.0.2,10.0.0.12,1762,10,1.5736439713716328
2025-01-01 12:00,10.0.0.3,10.0.0.15,2190,3,0.6142217431719652
2025-01-01 12:00,10.0.0.8,10.0.0.12,1022,14,2.460286916462249
2025-01-01 12:00,10.0.0.6,10.0.0.20,1532,24,4.532708585576388
2025-01-01 12:00,10.0.0.3,10.0.0.12,1793,8,1.0584479135034874
2025-01-01 12:00,10.0.0.1,10.0.0.14,827,4,1.3008548497419778
2025-01-01 12:00,10.0.0.2,10.0.0.16,2796,1,2.0205068398381565
2025-01-01 12:00,10.0.0.10,10.0.0.14,2921,17,2.4067188479515917
2025-01-01 12:00,10.0.0.5,10.0.0.16,751,16,1.16931760247282
2025-01-01 12:00,10.0.0.7,10.0.0.17,2635,2,4.774706652926017
2025-01-01 12:00,10.0.0.3,10.0.0.13,393,13,4.291359732323836
2025-01-01 12:00,10.0.0.4,10.0.0.19,2504,23,2.393590898541002
2025-01-01 12:00,10.0.0.4,10.0.0.12,2620,11,3.950581204526082
2025-01-01 12:00,10.0.0.2,10.0.0.17,2299,23,1.295831857063822
2025-01-01 12:00,10.0.0.2,10.0.0.14,1891,14,3.3484608087338037
2025-01-01 12:00,10.0.0.2,10.0.0.17,539,6,1.0442956948574067
2025-01-01 12:00,10.0.0.3,10.0.0.13,2236,10,2.6356003565461474
2025-01-01 12:00,10.0.0.2,10.0.0.16,403,11,4.7776942027147
2025-01-01 12:00,10.0.0.10,10.0.0.19,2418,4,4.7196137773691085
2025-01-01 12:00,10.0.0.6,10.0.0.19,2211,5,3.933268750319367
2025-01-01 12:00,10.0.0.3,10.0.0.11,779,16,4.17626145029159
2025-01-01 12:00,10.0.0.3,10.0.0.12,2785,22,2.9523794545548765
2025-01-01 12:00,10.0.0.4,10.0.0.12,2634,23,2.433641241533852
2025-01-01 12:00,10.0.0.9,10.0.0.20,2656,13,4.9404963164911075
2025-01-01 12:00,10.0.0.7,10.0.0.18,544,5,2.7313470272021143
2025-01-01 12:00,10.0.0.10,10.0.0.17,804,21,4.064352541634884
2025-01-01 12:00,10.0.0.4,10.0.0.19,2684,9,1.994157419877291
2025-01-01 12:00,10.0.0.4,10.0.0.18,2382,8,2.8266360948998126
2025-01-01 12:00,10.0.0.5,10.0.0.18,309,8,3.324009778935936
2025-01-01 12:00,10.0.0.10,10.0.0.14,1454,20,2.7793365999759247
2025-01-01 12:00,10.0.0.2,10.0.0.17,2605,16,2.259023888440816
2025-01-01 12:00,10.0.0.7,10.0.0.13,1561,23,3.760025134615715
2025-01-01 12:00,10.0.0.2,10.0.0.19,1996,15,3.7596114740781226
2025-01-01 12:00,10.0.0.9,10.0.0.18,2704,14,3.5506434867996663
2025-01-01 12:00,10.0.0.7,10.0.0.20,1686,25,3.218017581333038
2025-01-01 12:00,10.0.0.2,10.0.0.18,1500,2,3.78845097578393
2025-01-01 12:00,10.0.0.5,10.0.0.12,1981,7,1.313147837121814
2025-01-01 12:00,10.0.0.5,10.0.0.17,1388,10,4.7142153727127845
2025-01-01 12:00,10.0.0.7,10.0.0.13,2986,13,3.7846631068180283
2025-01-01 12:00,10.0.0.8,10.0.0.11,1518,16,0.7980476298974619
2025-01-01 12:00,10.0.0.6,10.0.0.19,2049,10,4.073357114085027
2025-01-01 12:00,10.0.0.1,10.0.0.18,1972,25,4.221867944847427
2025-01-01 12:00,10.0.0.3,10.0.0.12,2059,8,2.5771894353715554
2025-01-01 12:00,10.0.0.4,10.0.0.20,1097,25,4.057200788663818
2025-01-01 12:00,10.0.0.1,10.0.0.11,2667,12,4.0655886496918665
2025-01-01 12:00,10.0.0.6,10.0.0.19,2747,15,1.041169072429961
2025-01-01 12:00,10.0.0.8,10.0.0.20,2524,13,3.145019314480269
2025-01-01 12:00,10.0.0.1,10.0.0.20,2453,20,2.9440795458877185
2025-01-01 12:00,10.0.0.7,10.0.0.14,1387,3,2.882549217600549
2025-01-01 12:00,10.0.0.4,10.0.0.16,639,4,4.506997537308912
2025-01-01 12:00,10.0.0.6,10.0.0.19,1522,25,2.090971714948702
2025-01-01 12:00,10.0.0.4,10.0.0.14,1293,16,3.893057813474194
2025-01-01 12:00,10.0.0.5,10.0.0.19,1478,8,1.4013383213083834
2025-01-01 12:00,10.0.0.3,10.0.0.17,2268,16,2.8167818600981005
2025-01-01 12:00,10.0.0.1,10.0.0.16,2410,4,4.9035361019725725
2025-01-01 12:00,10.0.0.8,10.0.0.18,2948,14,3.7629314421847675
2025-01-01 12:00,10.0.0.7,10.0.0.18,1196,13,4.593240074127994
2025-01-01 12:00,10.0.0.1,10.0.0.18,2835,14,3.2651798322396246
2025-01-01 12:00,10.0.0.7,10.0.0.16,2047,14,1.326384498514758
2025-01-01 12:00,10.0.0.7,10.0.0.18,2383,11,4.410703666781723
2025-01-01 12:00,10.0.0.3,10.0.0.13,2236,9,3.8759897041725297
2025-01-01 12:00,10.0.0.8,10.0.0.13,2243,3,2.3347452770474106
2025-01-01 12:00,10.0.0.6,10.0.0.19,601,3,1.738427230521147
2025-01-01 12:00,10.0.0.6,10.0.0.20,1944,12,4.52271910595711
2025-01-01 12:00,10.0.0.9,10.0.0.20,514,23,3.63462992679576
2025-01-01 12:00,10.0.0.8,10.0.0.12,309,12,3.500298952728571
2025-01-01 12:00,10.0.0.8,10.0.0.13,1999,8,1.8128711740278323
2025-01-01 12:00,10.0.0.1,10.0.0.12,2368,16,3.973772965675
2025-01-01 12:00,10.0.0.1,10.0.0.17,669,23,2.616786126966699
2025-01-01 12:00,10.0.0.9,10.0.0.14,1669,24,2.6105990378868733
2025-01-01 12:00,10.0.0.6,10.0.0.14,2071,9,2.2121404249692356
2025-01-01 12:00,10.0.0.9,10.0.0.19,1353,11,3.1669959789111104
2025-01-01 12:00,10.0.0.6,10.0.0.16,746,1,1.773057999019975
2025-01-01 12:00,10.0.0.9,10.0.0.12,747,20,0.6718983549029834
2025-01-01 12:00,10.0.0.6,10.0.0.20,2661,16,4.556463770327435
2025-01-01 12:00,10.0.0.6,10.0.0.12,1553,8,3.8781755834062785
2025-01-01 12:00,10.0.0.1,10.0.0.17,333,4,3.1610245117011226
2025-01-01 12:00,10.0.0.4,10.0.0.11,544,14,2.757722182188519
2025-01-01 12:00,10.0.0.5,10.0.0.16,1028,17,0.8782585918200544
2025-01-01 12:00,10.0.0.4,10.0.0.12,1873,12,0.8895599661249274
2025-01-01 12:00,10.0.0.3,10.0.0.17,519,12,3.5735763069640125
2025-01-01 12:00,10.0.0.7,10.0.0.19,1030,3,2.720481332776557
2025-01-01 12:00,10.0.0.5,10.0.0.14,208315,7644,57.91569956489875
2025-01-01 12:00,10.0.0.6,10.0.0.12,354163,6605,23.243810304033534
2025-01-01 12:00,10.0.0.9,10.0.0.18,58758,3142,73.9310095828852
2025-01-01 12:00,10.0.0.2,10.0.0.17,640825,6349,75.05971393118548
2025-01-01 12:00,10.0.0.5,10.0.0.13,595001,5318,35.82035821513613
2025-01-01 12:00,10.0.0.3,10.0.0.20,191577,7366,70.08727369143239
2025-01-01 12:00,10.0.0.2,10.0.0.20,191008,2300,38.11663689188549
2025-01-01 12:00,10.0.0.4,10.0.0.19,157885,1317,31.77826922282355
2025-01-01 12:00,10.0.0.5,10.0.0.17,678160,579,57.54006922837852
2025-01-01 12:00,10.0.0.4,10.0.0.18,635644,909,74.97391237007483
2025-01-01 12:00,10.0.0.8,10.0.0.14,690726,2595,54.28820521159425
2025-01-01 12:00,10.0.0.9,10.0.0.15,511632,963,65.39433409450871
2025-01-01 12:00,10.0.0.9,10.0.0.13,734521,6602,61.01346583257791
2025-01-01 12:00,10.0.0.10,10.0.0.16,139838,5388,70.46431646368313
2025-01-01 12:00,10.0.0.9,10.0.0.20,312447,7081,45.820627380396544
2025-01-01 12:00,10.0.0.4,10.0.0.17,90732,753,79.53893139698667
2025-01-01 12:00,10.0.0.8,10.0.0.11,172941,5178,50.32485009443661
2025-01-01 12:00,10.0.0.9,10.0.0.14,107071,2771,67.5324194009649
2025-01-01 12:00,10.0.0.9,10.0.0.17,897848,893,45.21989870221589
2025-01-01 12:00,10.0.0.9,10.0.0.16,668324,5339,75.75628093041323
2025-01-01 12:00,10.0.0.9,10.0.0.16,434447,5048,63.96927689186401
2025-01-01 12:00,10.0.0.4,10.0.0.11,894054,6497,66.48334684228385
2025-01-01 12:00,10.0.0.4,10.0.0.20,248853,6057,54.57893652887614
2025-01-01 12:00,10.0.0.6,10.0.0.20,567202,6371,74.51190846671757
2025-01-01 12:00,10.0.0.10,10.0.0.16,382078,6453,30.038114068751916
